id,date,title,summary,sentiment,intensity,relevance,reasoning,tiempo_ms
1,2024-04-02,NVIDIA’s Rapid Rise Fueled by Chip Giants TSMC and SK Hynix,"The article highlights that NVIDIA's significant market valuation and AI leadership are heavily reliant on its partnerships with semiconductor giants TSMC and SK Hynix. Despite their indispensable roles in manufacturing and developing critical components like advanced GPUs and HBM chips, TSMC and SK Hynix have significantly lower valuations compared to NVIDIA. The KraneShares Emerging Markets Consumer Technology ETF (KEMQ) is presented as a way for U.S. investors to gain exposure to these key enablers of AI technology.",positive,strong,high,"The headline directly links NVIDIA's success to its key partnerships with TSMC and SK Hynix, suggesting a positive impact on investor sentiment.",2212.8
2,2024-11-19,The Smartest Megacap Growth ETF to Buy With $500 Right Now,"This article recommends the Vanguard Mega Cap Growth ETF (MGK) as a top investment for those seeking exposure to leading growth stocks, especially in technology and other high-potential industries, for as little as $500. The ETF has significantly outperformed the S&P 500 in both the short and long term, boasting a low expense ratio and diversified holdings including Apple, Nvidia, and Microsoft. It highlights the benefits of ETFs for easy diversification and access to market-leading companies without requiring extensive individual stock research.",positive,strong,high,"The headline suggests a top investment in an ETF that includes Nvidia, indicating positive market sentiment and potential for stock appreciation.",2074.9
3,2024-12-03,Why Microchip Technology (MCHP) Shares Are Trading Lower Today,"Shares of analog chipmaker Microchip Technology (MCHP) fell significantly after the company issued updated guidance for the December 2024 quarter, expecting revenue to be at the low end of its forecast. This decline was further exacerbated by the announcement of the closure of its Tempe wafer fabrication facility due to high inventory levels. Despite the current dip, the article suggests that such price drops could present buying opportunities for high-quality stocks.",neutral,weak,none,"Microchip Technology'se (MCHP) performance and decisions have no direct or indirect connection to NVIDIA's business, products, or ecosystem.",2146.0
4,2025-01-17,"Blaize Holdings, Inc. (BZAI): AI Hardware for Edge Computing","This article analyzes Blaize Holdings, Inc. (NASDAQ:BZAI) as an AI hardware company specializing in edge computing, assessing its position against other AI companies under a $2 billion market cap. It highlights the general market concerns regarding AI stock valuations and risks, while also outlining Blaize's recent IPO and its solutions for real-time data processing. The article concludes by ranking BZAI 13th among 59 AI companies and suggests other promising AI stocks.",neutral,weak,none,the headline discusses an ai hardware company specializing in edge computing with no direct mention or connection to nvidia'se business.,2152.9
5,2025-02-11,Super Micro's roller coaster continues into earnings with 59% stock pop in past week,"Super Micro's stock has surged 59% in the past week, driven by strong AI market demand and significant capital spending forecasts from major tech companies. This follows a volatile 2024, which saw the stock drop significantly due to governance concerns and delayed financial reports. The upcoming earnings report is seen as a crucial test for the company to regain investor confidence amidst skepticism from analysts.",neutral,weak,none,Super Micro's stock performance has no direct or indirect connection to NVIDIA' extrinsic business activities.,1950.1
6,2025-04-16,Kyndryl wants to help enterprises leverage their most sensitive data in AI workloads,"Kyndryl Holdings Inc. has launched new AI Private Cloud services to help enterprises securely deploy AI applications using sensitive data. These services are designed for regulated industries like financial services and healthcare, addressing concerns about data privacy and regulatory compliance. Kyndryl leverages its expertise and partnerships, including with Nvidia, to provide comprehensive consulting, design, and deployment assistance for private cloud AI environments.",positive,moderate,medium,"Kyndryl's partnership with NVIDIA and focus on AI for regulated industries could lead to increased demand for their services, potentially benefiting NVDA.",2161.8
7,2025-04-24,Enterprise AI: HPE ProLiant Gen12 drives innovation,"HPE's latest ProLiant Gen12 servers are designed to meet the demands of enterprise AI by focusing on enhanced security, efficiency, and automation. The company has incorporated features like a Silicon Root of Trust, quantum-resistant security algorithms, and liquid cooling options, alongside AI-driven management through HPE Compute Ops Management. This strategic approach aims to refresh outdated infrastructure, optimize performance for data-intensive AI workloads, and support the growing adoption of AI across various enterprise tasks and edge computing environments.",neutral,weak,none,"The headline discusses HPE'se ProLiant Gen12 servers, which are unrelated to NVIDIA's core business of GPU computing and AI hardware.",2202.7
8,2025-05-07,Cadence Taps NVIDIA Blackwell to Accelerate AI-Driven Engineering Design and Scientific Simulation,"Cadence's new Millennium M2000 Supercomputer, featuring NVIDIA Blackwell systems and CUDA-X libraries, was announced at CadenceLIVE to significantly accelerate AI-driven engineering design and scientific simulations. This collaboration aims to boost performance by up to 80x for various workloads, enabling breakthroughs in autonomous machines, drug discovery, and semiconductor development. NVIDIA plans to purchase 10 of these supercomputer systems for its own chip design workflows.",positive,strong,high,NVIDIA's plan to purchase Blackwell systems for its chip design workflow directly benefits NVDA and is expected to significantly enhance performance in key areas.,3728.1
9,2025-05-23,"Monolithic Power Systems: Holding Steady, With AI Upside Still In Play","Monolithic Power Systems (MPWR) is recognized for its justified high valuation due to consistent growth and strong business model, offering real performance advantages and pricing power. The article suggests investing in MPWR through long-term positions or during valuation dips, maintaining a strong conviction in its long-term thesis despite market volatility. This continued belief is reinforced, especially after the latest earnings report, highlighting potential AI upside.",positive,strong,high,"MPWR's consistent growth and strong business model, with potential AI upside highlighted in the headline, suggest a positive impact on NVIDIA stock due to shared market dynamics.",2172.0
10,2025-06-06,New IVES ETF Uses Dan Ives’ Research Framework,"Wedbush Fund Advisors has launched the Dan Ives Wedbush AI Revolution ETF (IVES), designed to offer long-term returns through a concentrated portfolio of AI companies. The ETF leverages the research framework of Dan Ives, Wedbush Securities' Managing Director and Global Head of Technology Research, to identify and invest in the top 30 companies driving AI innovation. IVES maintains a balanced portfolio, with no single company accounting for more than 6% of the overall weight, providing a diversified approach to AI exposure.",neutral,weak,none,"The headline discusses an ETF focused on AI companies, but does not specifically mention or impact NVIDIA' extrinsic factors.",2091.3
11,2025-06-11,"Meta Losing AI Spending War To Google, Microsoft, Warns 'Big Short' Investor Steve Eisman","Steve Eisman, the investor known for predicting the 2008 collapse, warns that Meta Platforms Inc. is losing the AI spending war against Alphabet Inc.'s Google and Microsoft Corp. He attributes this to Meta's lack of a cloud business, which prevents it from generating revenue from its AI investments unlike Google and Microsoft, whose cash reserves are increasing while Meta's is plummeting. Despite this, Eisman believes the massive spending from all three tech giants indicates the AI boom is far from over.",neutral,weak,none,"The headline discusses Meta's competition in AI spending with Google and Microsoft, but does not directly impact NVIDIA' extrinsic business or ecosystem.",2200.7
12,2025-06-12,"Private equity firms own 28% of Owlet, Inc. (NYSE:OWLT) shares but individual investors control 41% of the company","Individual investors hold the largest share of Owlet, Inc. (NYSE:OWLT) at 41%, indicating their significant influence on company decisions. Private equity firms account for 28% ownership, and Eclipse Ventures, LLC is the largest single shareholder with 23%. Insiders, including CEO Kurt Workman, also hold a portion of the shares, reinforcing alignment with shareholder interests.",neutral,weak,none,"The headline discusses the ownership structure of Owlet, Inc., which has no direct or indirect connection to NVIDIA's business.",2061.5
13,2025-06-15,"BNP Paribas Downgrades Arista Networks (ANET) Stock, Reduces PT","BNP Paribas downgraded Arista Networks (ANET) from ""Outperform"" to ""Neutral"" and reduced its price target from $109 to $106, citing increased competitive pressures from Nvidia and low-cost whitebox vendors in the AI networking space. The firm believes Nvidia offers a better profile and lower valuation. Despite concerns, Arista Networks exceeded $2 billion in revenue in Q1 2025 and anticipates $2.1 billion for Q2 2025, driven by strong demand for its data center switching products, especially essential for cloud computing growth.",positive,strong,high,"BNP Paribas downgraded Arista Networks, a competitor to NVIDIA in the AI networking space and cited increased competition as negative for both companies; however, this is seen positively by investors due to lower valuation of Nvidia.",3512.5
14,2025-08-25,Gaming Giant GCL Acquires 30-Year Tech Distribution Powerhouse Ban Leong Technologies in Asia Push,"GCL Global Holdings (NASDAQ: GCL) has completed the compulsory acquisition of Ban Leong Technologies Limited through its subsidiary Epicsoft Asia, leading to Ban Leong's delisting from the Singapore Stock Exchange on August 26, 2025. This acquisition integrates Ban Leong's extensive technology distribution network across Asia, including partnerships with over 50 global brands, into GCL's gaming ecosystem. The move aims to create significant synergies, new revenue streams through gaming hardware and content, and expands GCL's market presence in crucial Asian markets.",positive,strong,high,"The acquisition of Ban Leong Technologies by a major player in the gaming industry could create significant synergies and new revenue streams for NVIDIA through expanded distribution, directly benefiting its business.",2327.5
15,2025-10-18,Where Will Nvidia Be 24 Months After the Blackwell Launch? Here's What History Says. - The Motley Fool,"This article analyzes Nvidia's potential stock performance 24 months after the Blackwell launch, using historical data from previous major platform releases like Ampere and Hopper. It highlights Nvidia's dominance in the AI chip market, its commitment to annual innovation with new architectures, and Wall Street's revenue growth estimates, suggesting a possible triple-digit stock gain and a significant increase in market capitalization.",positive,strong,high,"The article predicts significant stock gain and market capitalization increase for Nvidia, indicating a positive impact on investor sentiment.",1991.5
16,2025-10-19,Nvidia has produced the first Blackwell wafer entirely on US soil - XDA,"Nvidia and TSMC have successfully produced the first Blackwell chip on US soil at TSMC Arizona, signaling a significant shift towards domestic semiconductor manufacturing. This move aligns with political pressures for onshoring production and could establish the US as a central hub for AI hardware, fostering local job creation. The collaboration highlights a long-standing partnership between Nvidia and TSMC, pushing technological boundaries and emphasizing American leadership in artificial intelligence.",positive,strong,high,"The headline indicates a significant shift towards domestic semiconductor manufacturing, which is directly beneficial to NVIDIA' extrusion and packaging segments.",2109.7
17,2025-10-19,Prediction: This Data Center REIT Could Be a Top Dividend Play in the AI Era - The Globe and Mail,"Digital Realty Trust, a data center REIT, is presented as a strong dividend play in the AI era. The company rents data center capacity to major cloud and AI firms, distributing most of its income as dividends to investors. Despite recent portfolio adjustments and macroeconomic headwinds, the company is poised for growth with improving core FFO and occupancy rates, offering a balanced investment of growth and income.",positive,moderate,medium,"The headline indirectly suggests a growing AI sector, which could benefit NVIDIA's business.",1992.6
18,2025-10-19,Amazon Is Backing This Genius Quantum Computing Leader,"Amazon is an investor in IonQ, a quantum computing leader, holding a small stake in the company. IonQ's unique technology focuses on accuracy, holding two world records, and projects $1 billion in annual sales by 2030, though the stock is expected to remain volatile. Investors considering IonQ are advised to focus on the company's long-term announcements rather than short-term stock price fluctuations due to the nascent stage of quantum computing commercial relevance.",neutral,weak,none,"Amazon's investment in IonQ, a quantum computing company with no direct connection to NVIDIA' extraterrestrial business or ecosystem.",2137.6
19,2025-10-19,What Is One of the Best Quantum Computing Stocks to Buy Now? - The Globe and Mail,"D-Wave Quantum (NYSE: QBTS) is highlighted as a leading quantum computing stock due to its advanced sixth-generation Advantage2 quantum annealing system with over 4,400 qubits, now commercially available for real-world applications. The company also boasts a strong balance sheet with over $800 million in net cash, positioning it well for future growth in the evolving quantum computing market. While the stock has seen significant gains, investors are advised to consider a gradual approach to building a position due to potential market fluctuations.",neutral,weak,none,"The headline discusses quantum computing and a company in that sector, with no direct or indirect connection to NVIDIA's business.",2076.4
20,2025-10-22,"Amid HP’s Leadership And Supply Chain Changes, Top Partner Compugen ‘Couldn’t Be Happier’","Compugen Inc. President Harry Zarek expresses extreme satisfaction with HP Inc.'s performance and partnership, citing positive trend lines, solid growth, and market share gains despite leadership and supply chain changes at HP. Zarek highlights the positive impact of HP's growth on Compugen's services portfolio and discusses the implications of new leadership, the PC refresh cycle, and the future of AI PCs.",positive,moderate,medium,Positive sentiment from a key partner indicates potential indirect benefits for NVIDIA through the shared ecosystem.,3680.6
21,2025-11-18,"AMD, ARM, INTC, NVDA: Chip stock prices are falling across the board today. Here's the reason why","Chip stocks, including Nvidia, Intel, AMD, and ARM, are experiencing widespread declines today due to growing fears of an AI bubble ahead of Nvidia's crucial third-quarter earnings report. Investors are taking profits and showing jitters as expectations for Nvidia's revenue are very high, and a miss could signal a broader AI market correction. This investor anxiety is impacting the entire chip sector and other AI-exposed tech companies.",negative,moderate,high,"Declines in chip stocks, including Nvidia's sector and AI-exposed companies due to fear of an AI bubble ahead of crucial earnings reports.",3224.3
22,2025-11-19,"Super Micro Computer, Inc. (SMCI) Stock: Boosting AI Adoption with NVIDIA-Integrated AI Factory Clusters","Super Micro Computer, Inc. (SMCI) is expanding its AI solutions with NVIDIA-integrated AI factory clusters, simplifying the deployment of AI infrastructure at scale. These turnkey systems, based on NVIDIA Enterprise Reference Architectures and Blackwell GPUs, aim to accelerate AI adoption across industries. The clusters are preconfigured, tested, and delivered as fully integrated solutions, shortening deployment time, though challenges remain with traditional infrastructure limitations regarding power, cooling, and space.",positive,moderate,high,"SMCI's expansion with NVIDIA-integrated AI clusters is likely to increase demand for NVIDIA products, positively impacting its revenue and competitive position.",2236.6
23,2025-11-19,Nvidia CEO Dismisses Concerns of an AI Bubble. Investors Remain Skeptical,"Nvidia CEO Jensen Huang addressed concerns of an ""AI bubble"" during the company's Q3 earnings call, arguing that AI's pervasive growth across industries necessitates Nvidia's chips, and strong demand will be sustained. Despite record sales and a positive forecast, investors remain skeptical, as Nvidia's stock has not fully recovered recent declines, and some are wary of its strategy of investing in AI customers like OpenAI and xAI. Huang defended these investments as crucial for deeper technical partnerships and anticipated extraordinary returns, while the company projected continued significant, though slowing, sales growth.",positive,strong,high,"CEO's defense of AI investments as crucial for partnerships and returns suggests confidence in NVIDIA' extrinsic value, likely boosting stock sentiment.",2191.7
24,2025-11-23,Broadcom Inc. $AVGO Shares Purchased by Meridian Wealth Advisors LLC,"Meridian Wealth Advisors LLC increased its stake in Broadcom Inc. by 62.1% during the second quarter, making it their 28th largest holding. Other institutional investors also adjusted their positions in Broadcom, while company insiders showed both buying and selling activity. The article also provides details on Broadcom's price performance, financial metrics, recent earnings, dividend announcement, and analyst ratings.",neutral,weak,none,The headline about Broadcom Inc. is unrelated to NVIDIA' extrinsic business or ecosystem.,1993.3
25,2025-11-24,"GE HealthCare’s Photonova™ Spectra with Deep Silicon reimagines photon-counting CT to see more, know more and achieve more","GE HealthCare has announced the submission of its Photonova Spectra photon-counting CT system, featuring proprietary Deep Silicon detector technology and advanced AI algorithms, for 510(k) clearance to the U.S. FDA. This system aims to revolutionize medical imaging by offering higher spectral and spatial resolution, enhanced material separation, and simplified workflows for a wide range of clinical specialties including neurology, oncology, musculoskeletal, thoracic, and cardiac imaging. The Photonova Spectra is designed to deliver greater diagnostic confidence and precision care through its ability to harness vast amounts of data using NVIDIA’s accelerated computing technology.",neutral,weak,none,GE HealthCare's Photonova Spectra is a medical imaging technology unrelated to NVIDIA' extrinsic business segments.,3743.0
26,2025-11-26,"AMD Stock Today, November 26, 2025: Why Advanced Micro Devices Is Slumping Despite a $100 Billion AI Ambition","Advanced Micro Devices (NASDAQ: AMD) stock has tumbled nearly 23% in November 2025, marking its worst month since 2022 despite strong Q3 earnings and ambitious AI data-center growth plans. The decline is attributed to intensifying AI competition from Nvidia and custom silicon like Google's TPUs, investor profit-taking, and broader macroeconomic headwinds. While Wall Street analysts remain largely bullish on AMD's long-term AI prospects, the stock's premium valuation and competitive pressures suggest continued volatility for investors.",negative,moderate,high,"AMD's stock slump, driven by competition from Nvidia and other AI players in the market.",2092.5
27,2025-11-28,Alphabet: The AI Leader Best Positioned to Dominate 2026,"Alphabet (GOOGL) has emerged as the frontrunner in AI, driven by its Gemini 3 model, which outperforms benchmarks and leverages Google's proprietary TPU chips for a competitive edge. This, coupled with record earnings, expanding cloud profitability, and a significant endorsement from Berkshire Hathaway, has propelled Alphabet's stock up 70% year-to-date and reversed earlier market skepticism. The company is now poised to dominate the AI landscape in 2026, with even its TPUs potentially moving beyond Google's own cloud infrastructure for broader industry adoption.",positive,strong,high,"Alphabet's dominance in AI and expansion of TPU use for industry adoption poses a competitive threat to NVIDIA, likely driving up Alphabet stock significantly.",3797.2
28,2025-12-10,"HIVE Digital Technologies Enters Colombia’s Deep Andean Capital Markets With Colombia Listing, Advancing Its Role as Latin America’s Emerging Leader in Green AI and Bitcoin Infrastructure","HIVE Digital Technologies has expanded its Latin American capital-markets presence by listing on the Colombian Stock Exchange, becoming the first Bitcoin and AI infrastructure company to do so. This move reinforces HIVE's position as a major renewable-powered data center operator and is part of its strategy to transition from Tier I Bitcoin mining to Tier III AI and HPC cloud infrastructure. The company aims to deploy over 36,000 GPUs for AI and HPC services, leveraging its expertise in using renewable energy for large-scale compute clusters.",positive,moderate,medium,"HIVE's expansion into AI and Bitcoin infrastructure with renewable energy use in Colombia may indicate a growing market for NVIDIA products, potentially benefiting its own business.",3797.6
29,2025-12-17,Global Economic Outlook 2026,"S&P Global forecasts a global economic rebalancing in 2026, with growth slowdowns in mainland China and the eurozone shifting focus to domestic demand. Developing economies are predicted to outperform due to less exposure to US tariffs, while India's growth rate will moderate from a high base. The US dollar is expected to continue its depreciating trend.",neutral,weak,low,the headline discusses global economic trends without a direct link to nvidia' extrinsic factors.,1938.1
30,2025-12-18,Is Morgan Stanley’s Backing Reframing Astera Labs (ALAB) as a Core AI Data Center Connectivity Play?,"Morgan Stanley recently highlighted Astera Labs (ALAB) as a key semiconductor pick for 2026, positioning it as a significant player in AI data center connectivity. The endorsement underscores Astera's role in hyperscale AI infrastructure and open-standards connectivity, particularly with its upcoming UA Link solutions.",positive,moderate,high,"Morgan Stanley's endorsement of Astera Labs as a key player in AI data center connectivity, which is related to NVIDIA's ecosystem and potential revenue streams.",2255.1
31,2025-12-18,3 Reasons VPG is Risky and 1 Stock to Buy Instead,"Vishay Precision Group Inc (VPG) has seen a significant stock price increase recently, up 47.1% in six months. However, the article argues against buying VPG due to sluggish long-term revenue growth (2.6% annualized over five years), declining EPS (-15.3% annually over five years), and a decreasing return on invested capital (ROIC). The author believes VPG is currently overvalued at 40.2x forward P/E and suggests looking into other ""Strong Momentum Stocks"" as better investment opportunities.",neutral,weak,none,"The headline discusses Vishay Precision Group Inc (VPG) and its stock performance, which has no direct or indirect connection to NVIDIA' extrinsic business environment.",2229.5
32,2025-12-20,ON Semiconductor (ON) Valuation After New GaN Power Partnership With GlobalFoundries,"ON Semiconductor recently announced a partnership with GlobalFoundries to develop next-generation gallium nitride (GaN) power devices, creating renewed investor interest despite a weak year-to-date performance. While the company's stock is perceived as undervalued with a fair value of $58.70 compared to its current price of $55.21 due to anticipated operational improvements, a high price-to-earnings ratio suggests the market might already be pricing in future growth. Investors should consider risks like persistent fab underutilization and slower EV demand alongside the potential for margin recovery.",positive,moderate,medium,"The partnership with GlobalFoundries for GaN power devices could enhance NVIDIA's competit01. The impact on revenue and margins is inferred but not direct, as the news pertains to a new technology that may benefit related segments of their business.",2584.9
33,2025-12-27,Better Vanguard ETF: VOO vs. VOOG,"This article compares two Vanguard ETFs, VOO and VOOG, highlighting their differences in expense ratios, dividend yields, and portfolio composition. VOO offers broader market exposure with lower costs and greater stability, while VOOG focuses on growth stocks and has shown higher short-term returns but greater volatility. The choice between them depends on an investor's risk tolerance and investment goals.",neutral,weak,none,"The headline discusses Vanguard ETFs, which are investment vehicles and do not have a direct impact on NVIDIA' extrinsic factors.",2151.9
34,2025-12-29,A Dominant Year for the iShares MSCI World ETF,"The iShares MSCI World ETF (URTH) is ending 2025 with significant double-digit gains, primarily driven by the strong performance of major U.S. technology stocks, leading to increased portfolio concentration. While the fund includes approximately 1,300 securities, its returns are heavily influenced by a few mega-cap companies, with American equities constituting nearly 70% of the total portfolio weight. Its strategic focus on developed markets, exclusion of emerging markets, and dependence on U.S. tech giants define its distinct profile.",neutral,weak,none,"The headline discusses the performance of a broad-market ETF with no direct or indirect mention of NVIDIA, its products, competitors, or technology sector.",2292.1
35,2025-12-29,NVIDIA Corporation $NVDA Stock Position Increased by HBK Sorce Advisory LLC,"HBK Sorce Advisory LLC significantly increased its stake in NVIDIA Corporation (NASDAQ:NVDA) by 37.5% in the third quarter, making it their ninth-largest holding. This increased institutional interest, alongside NVIDIA's recent $20 billion Groq licensing deal and strong quarterly earnings, contributes to a positive outlook for the company. Analysts maintain a ""Buy"" rating with an average price target of $262.14, reflecting continued bullish sentiment despite some emerging competitive risks and financing questions.",positive,strong,high,"HBK Sorce Advisory LLC's significant increase in stake and the Groq licensing deal signal strong institutional confidence, likely driving NVDA stock appreciation.",2355.3
36,2025-12-30,Dermata stock surges after closing $4.1 million private placement,"Dermata Therapeutics Inc. (NASDAQ:DRMA) stock surged 18.8% in after-hours trading after announcing the closure of a $4.1 million private placement. The company issued common stock and warrants, with insiders participating, and plans to use the proceeds for general corporate purposes including consumer research for its new OTC acne kit and potential acquisitions.",neutral,weak,none,Dermata Therapese Inc.'s private placement has no direct or indirect connection to NVIDIA's business.,2128.1
37,2025-12-30,"Nvidia, AMD, and Micron Technology Could Help This Unstoppable ETF Turn $250,000 Into $1 Million in 10 Years","The iShares Semiconductor ETF (SOXX) offers investors a way to capitalize on the artificial intelligence (AI) boom by investing in leading semiconductor companies like Nvidia, AMD, and Micron Technology. With AI driving significant demand for advanced chips, the ETF has shown strong historical returns and has the potential to turn a $250,000 investment into $1 million over the next decade. While past performance is not indicative of future results, the continued growth of the AI market suggests continued upside for the semiconductor industry.",positive,strong,high,"The headline highlights the potential growth in investment within a leading semiconductor ETF that includes NVIDIA, suggesting positive sentiment for its stock due to AI market expansion.",2349.0
38,2025-12-31,Eightco Holdings (ORBS) Tumbles 8% on Profit-Taking,"Eightco Holdings (NASDAQ:ORBS) saw an 8.17% decline on Tuesday, closing at $1.6850, as investors engaged in profit-taking after a previous surge. This surge was triggered by the company's announcement of a $125 million share buyback plan, which its CEO, Kevin O’Donnell, stated reflects strong confidence in the company's strategy and long-term value creation. Eightco Holdings is a Worldcoin-focused treasury company that also invests in Ethereum tokens, having recently secured a $20 million investment from BitMine Immersion Technologies.",neutral,weak,none,Eightco Holdings' activities and performance have no direct or indirect connection to NVIDIA's business.,2205.8
39,2025-12-31,"GraniteShares Announces Weekly Distributions for its YieldBOOST ETFs: COYY, TSYY, NVYY, XBTY, AMYY, TQQY, AZYY, YSPY, MTYY, PLYY, HOYY, SMYY, BBYY, FBYY, IOYY, MAAY, NUGY, SEMY, QBY, RGYY, HMYY and RTYY","GraniteShares announced weekly distributions for its YieldBOOST ETFs, including COYY, TSYY, NVYY, and many others, with distribution rates ranging up to 149.19%. The announcement details the distribution per share, frequency, 30-day SEC yield, and critical dates like the ex-date, record date, and payment date for each ETF. Investors are advised that distributions are not guaranteed and past performance does not indicate future results, with the funds employing a put-writing strategy.",neutral,weak,none,"The headline discusses GraniteShares' ETF distributions, which have no direct or indirect connection to NVIDIA's business operations.",2394.4
40,2026-01-01,Amazon Stock (NASDAQ: AMZN) Price Prediction and Forecast 2025-2030 for December 31,"This article provides a price prediction and forecast for Amazon (NASDAQ: AMZN) stock from 2025 to 2030, emphasizing its growth drivers such as e-commerce, AWS, and advertising. It highlights Amazon's strong financial performance in 2024 and projects a significant increase in net income and total enterprise value by 2030. The analysis forecasts Amazon's share price to reach $524.67 by the end of 2030, representing a 125.63% upside from current prices.",neutral,weak,none,The headline discusses Amazon's stock price prediction and does not directly or indirectly relate to NVIDIA' extrinsic business factors.,2230.1
41,2026-01-05,TSMC Shares Jump Most Since April After Goldman Lifts Target 35%,"Taiwan Semiconductor Manufacturing Co. (TSMC) shares experienced their largest jump since April, reaching a new record high after Goldman Sachs Group Inc. increased its price target by 35% to NT$2,330. This surge is attributed to continued optimism surrounding artificial intelligence demand, benefiting the world's largest contract chipmaker and key supplier to Nvidia and Apple.",positive,strong,high,"TSMC's stock surge, driven by AI demand optimism that benefits Nvidia as a key supplier.",2105.5
42,2026-01-07,3 Unpopular Stocks We Think Twice About,"This article highlights three stocks – Amkor (AMKR), Bruker (BRKR), and Northern Trust (NTRS) – which are current underperformers according to Wall Street's bearish sentiment. The author details specific reasons for concern regarding each company, including declining sales, low margins, and slower growth compared to peers. It also suggests alternative, market-beating stock recommendations.",neutral,weak,none,The headline discusses unrelated stocks with no direct or ecosystem connection to NVIDIA'dict impact.,2043.6
43,2026-01-08,"Jacobs Appointed Engineering, Procurement and Construction Management Lead for Hut 8 AI Data Center","Jacobs (NYSE: J) has been selected by Hut 8 (NASDAQ: HUT) to provide Engineering, Procurement, and Construction Management (EPCM) services for its River Bend data center in Louisiana. This project is a crucial component of a larger planned campus intended to become one of North America's largest AI and high-performance computing developments, supported by a 15-year, $7.0 billion lease for 245 megawatts of IT capacity. The collaboration emphasizes safety, quality, and disciplined delivery, with the initial data hall expected to be completed and commissioned in Q1 2027.",positive,strong,high,"The headline indicates a significant project for Hut 8 AI, which aligns with NVIDIA's core business in data centers and high-performance computing.",3966.7
44,2026-01-08,"Sandisk: AI Boom Is Real, But The Bust Risk Isn’t Gone (NASDAQ:SNDK)","Sandisk (SNDK) has seen an astounding surge of over 880% in one year, fueled by AI-driven demand for SSDs and data center architectural shifts. While recent positive commentary and S&P 500 inclusion have boosted sentiment, the company remains exposed to cyclicality, potential supply gluts, and external supply threats, warranting a ""Hold"" rating despite reasonable multiples. Wall Street anticipates a slowdown in revenue growth by FY2028, but improved margin and cash flow outlooks are supported by disciplined supply management.",neutral,weak,none,"Sandisk's situation, while related to AI demand and supply chain concerns in the semiconductor industry, does not directly impact NVIDIA's business or investor sentiment.",3920.9
45,2026-01-08,Silicon Motion (SIMO) stock slides about 10% as chip trade cools — what’s next,"Silicon Motion Technology Corp. (SIMO) shares dropped about 10% after a two-day rally, amidst a broader tech market slide influenced by upcoming U.S. payrolls data. This decline follows a period of optimism sparked by Nvidia's CEO discussing new storage technology, which had previously driven up related stocks. Investors are now looking to Silicon Motion's upcoming Needham webcast for future guidance and signals on demand for client and enterprise drives.",neutral,weak,low,silicon motion'seffect on nvidia is indirect and not clearly impactful.,3917.0
46,2026-01-08,Is Credo (CRDO) One of the Must-Buy AI Stocks to Invest In?,"BofA and Barclays have maintained ""Buy"" ratings on Credo Technology Group Holding Ltd (CRDO), citing its potential in the AI sector. Both investment banks foresee strong demand for Credo's high-speed connectivity solutions as companies upgrade IT systems and build AI factories to handle data-intensive AI tasks. While Credo is seen as a promising investment, the article suggests other AI stocks might offer greater upside with less risk.",neutral,weak,none,"Credo is an AI stock, but the headline does not establish a direct or indirect connection to NVIDIA' extrinsic business.",2106.3
47,2026-01-09,Why SolarEdge (SEDG) Stock Is Trading Up Today,"SolarEdge Technologies (SEDG) stock surged 5.8% after TD Cowen upgraded its rating to Buy from Hold and increased its price target, citing the company's successful turnaround plan and new product launches improving profit margins and market share. Other analysts, including Morgan Stanley and Jefferies, also raised their ratings or price targets, reflecting a more favorable view of the company. Despite the recent gains, SEDG is still trading significantly below its 52-week high, indicating potential for further growth as its new products gain traction.",neutral,weak,none,"The headline discusses SolarEdge Technologies' stock performance, which is unrelated to NVIDIA'se business or ecosystem.",2141.3
48,2026-01-09,3 Reasons to Avoid J and 1 Stock to Buy Instead,"This article advises against investing in Jacobs Solutions Inc. (J) due to its sluggish long-term revenue growth, declining earnings per share (EPS), and mediocre return on invested capital (ROIC). The author suggests looking at other ""high-quality"" growth stocks instead, referencing specific examples like Nvidia and Exlservice. The stock has underperformed the S&P 500 since July 2025 and trades at a forward P/E of 19.3x.",neutral,weak,none,"The headline discusses Jacobs Solutions Inc. (J), which has no direct or indirect connection to NVIDIA' extraneous business segments.",2099.1
49,2026-01-11,"AI drives memory boom, but chipmakers refuse to rush: WSJ (MU:NASDAQ)","The artificial intelligence boom is significantly increasing demand for memory chips and storage devices, leading to higher prices and profits for manufacturers. However, despite the surging demand, chipmakers are exercising caution in expanding production capacity due to past boom-and-bust cycles and a lack of long-term supply commitments. This disciplined approach is making investors optimistic that the current tight supply and spending restraint will prolong the industry's upcycle, resulting in rising stock prices for memory and storage companies.",positive,strong,high,"The AI-driven demand for memory chips, which is NVIDIA'secosystem component, suggests a positive impact on their stock due to increased industry upcycle.",2226.4
50,2026-01-13,SK Hynix Bets $13 Billion To Lock In AI Memory Dominance,"SK Hynix, Samsung Electronics Co. Ltd. (OTC:SSNLF), and global rivals, including Taiwan Semiconductor Manufacturing Company Ltd. <a target=""_blan",neutral,weak,none,"The headline discusses SK Hynix's investment in AI memory, which does not have a direct or significant indirect connection to NVIDIA' extranet.",2047.6
51,2026-01-13,Elizabeth Warren Presses SEC Over Trump's Crypto 401(k) Plan—Here's The Conflict,"Senator Elizabeth Warren (D-Mass.) demanded answers from SEC Chair Paul Atkins on how the agency will protect retirement savers after President Trump cleared the way for crypto in 401(k) plans, warning Trump’s family made $1.2 billion from crypto since taking office. Warren Says Trump’s Crypto Push Creates Conflict Of Interest Warren on Monday sent a <a href=""https://www.banking.senat",neutral,weak,none,"The headline discusses Elizabeth Warren'se concerns about crypto in retirement plans and Trump’s family wealth from cryptocurrency, which has no direct or indirect connection to NVIDIA's business operations.",2259.3
52,2026-01-17,Can-Fite BioPharma Discloses Resignation of Director Yaacov Goldman,"Can-Fite BioPharma announced that board member Yaacov Goldman resigned from its Board of Directors and all board committees, effective immediately, citing personal reasons. The company clarified that his departure was not due to any disagreement over operations or policies, and the change does not signal a dispute or strategic shift. An analyst rating on CANF stock is a Hold with a $0.20 price target, while TipRanks’ AI Analyst, Spark, rates CANF as Neutral due to weak financial performance and a bearish technical setup.",neutral,weak,none,"Can-Fite BioPharma' extraneous resignation of a board member has no direct or indirect connection to NVIDIA's business operations, products, technologies, financial performance, or investor sentiment.",2305.7
53,2026-01-20,"Amkor Technology (NASDAQ:AMKR) Director Guillaume Marie Jean Rutten Sells 10,000 Shares","Amkor Technology (NASDAQ:AMKR) Director Guillaume Marie Jean Rutten sold 10,000 shares of the company's stock on January 15th for over $531,000, reducing his holding by 2.90%. This transaction follows a previous sale in November. The company recently reported strong quarterly earnings, exceeding analyst estimates, and increased its quarterly dividend.",neutral,weak,none,"Guillaume Marie Jean Rutten's sale of shares in Amkor Technology has no direct or indirect connection to NVIDIA's business, financials, or ecosystem.",2176.5
54,2026-01-21,Ubiquiti Shows Rising Price Performance With Jump To 82 RS Rating,"Ubiquiti (UI) has seen a significant improvement in its Relative Strength (RS) Rating, jumping to 82 from 74, indicating strong price performance compared to other stocks. This upgrade highlights the company's market leadership and suggests it is a stock to watch. The article notes this technical benchmark amidst other related news about Ubiquiti's presence on various ""Best Stock Lists.""",neutral,weak,none,Ubiquiti's stock performance and RS rating are unrelated to NVIDIA'se business or ecosystem.,2031.7
55,2026-01-21,"Exclusive: Intel Taps Ex-Arm, HPE Exec For Data Center Systems Post Amid AI Reorg","Intel has hired former Arm and HPE executive Nicolas Dubé to lead its data center systems and solutions, and ex-Qualcomm executive Eric Demers to head GPU engineering. This move comes as CEO Lip-Bu Tan decided to reintegrate the AI accelerator chip team into the Data Center Group, aiming to strengthen Intel's x86 franchise and compete more effectively in the AI infrastructure market. The reorganization signifies Intel's renewed focus on integrated AI platforms and its continued strategy of bringing in outside talent for key leadership roles.",neutral,weak,low,intel's hiring of executives from competitors for data center systems and ai engineering does not directly impact nvidia's core business areas.,2182.7
56,2026-01-21,Fortinet (FTNT) Valuation Revisited As Recent Share Price Weakness Contrasts With Long Term Gains,"Fortinet (FTNT) is experiencing a period of recent share price weakness despite strong long-term gains, prompting investors to re-evaluate its valuation. The company trades at a P/E of 30x, which is considered undervalued compared to its peers and the broader US software industry, and its discounted cash flow model suggests a potential upside of 27%. While recent performance raises some watchpoints, the fundamental analysis indicates Fortinet could be a good value investment.",neutral,weak,none,The headline discusses Fortinet's valuation and share price without any direct or indirect connection to NVIDIA' extrinsic factors.,2105.9
57,2026-01-21,A Look At Acushnet Holdings (GOLF) Valuation After KeyBanc’s Recent Downgrade To Hold,"KeyBanc's downgrade of Acushnet Holdings (GOLF) to a Hold rating has sparked discussion about its valuation. While the stock's P/E of 23.9x appears higher than industry averages and estimated fair P/E, a discounted cash flow (DCF) model suggests a significant undervaluation at a 37% discount to its estimated fair value of US$144.32. This discrepancy highlights the mixed signals investors face when evaluating GOLF, with short-term sentiment cooling but long-term momentum remaining strong.",neutral,weak,none,keybanc's downgrade of acushnet holdings (golf) has no direct or indirect connection to nvidia' extrinsic business activities.,2224.0
58,2026-01-22,"DoubleVerify, Pegasystems, Varonis Systems, and Intuit Shares Skyrocket, What You Need To Know","Shares of DoubleVerify, Pegasystems, Varonis Systems, and Intuit significantly jumped following reports of easing geopolitical tensions in Greenland, which boosted investor sentiment across the market, especially in the technology sector. This ""relief rally"" saw major indices rebound, with technology stocks, including the ""Magnificent Seven,"" experiencing gains. The article details the specific percentage increases for each company and highlights Varonis Systems's recent performance and business model shift towards SaaS.",neutral,weak,none,"The headline discusses the performance of unrelated companies and market reactions to geopolitical events, with no direct or indirect connection mentioned for NVIDIA's business.",2218.6
59,2026-01-23,NVIDIA Corporation $NVDA Stock Holdings Lowered by WMG Financial Advisors LLC,"WMG Financial Advisors LLC reduced its stake in NVIDIA (NVDA) by 8.9% in the third quarter, while NVIDIA reported strong quarterly results beating analyst expectations with $1.30 EPS and $57.01 billion in revenue. Despite some institutional selling, hedge funds and other institutions own a significant portion of the stock, and analysts largely maintain a ""Buy"" rating. The article also touches on positive news like renewed China demand and management engagement, alongside negative factors such as potential supply headwinds and sector rotation.",neutral,weak,low,"WMG Financial Advisors LLC reducing its stake does not directly impact NVIDIA's revenue or competitive position, and the strong quarterly results suggest resilience.",3455.2
60,2026-01-28,Is B2Gold’s (TSX:BTO) Technical Focus at AME Roundup Reframing Its Core Investment Narrative?,"B2Gold recently presented at AME Roundup 2026, where it highlighted the technical aspects of its projects. This focus, combined with increasing institutional interest and an upcoming earnings release in February, is drawing market attention to the company's gold operations. While the technical presentation reinforces confidence in the company's geological assets, the immediate catalysts for the investment narrative remain the upcoming earnings, production guidance updates, and dividend policy balancing buybacks and balance sheet strength.",neutral,weak,none,"B2Gold's focus on technical aspects at AME Roundup has no direct or indirect connection to NVIDIA's business, ecosystem, revenue, margins, competitive position, or investor sentiment.",2385.7
61,2026-01-29,Allegro MicroSystems (NASDAQ:ALGM) Exceeds Q4 Expectations,"Allegro MicroSystems (NASDAQ:ALGM) reported Q4 CY2025 results, exceeding Wall Street’s revenue expectations with a 28.9% year-on-year increase to $229.2 million. The company provided optimistic revenue guidance for Q1 CY2026 at $235 million, surpassing analyst estimates, and highlighted strong growth in Automotive and Industrial sales. Despite a slight GAAP EPS miss, the robust revenue performance and positive guidance suggest the company is in the early stages of an upcycle.",neutral,weak,none,Allegro MicroSystems is a separate entity with no direct connection to NVIDIA's business or ecosystem.,2081.2
62,2026-01-31,NVIDIA Overtakes Apple: ETFs to Tap the Incredible Growth Story,"NVIDIA has surpassed Apple in market capitalization, reaching over $3 trillion, driven by the AI frenzy and strong earnings. The company's upcoming 10-for-1 stock split and new AI chip platforms are expected to further boost its growth. Investors can gain exposure to NVIDIA's incredible growth story through several ETFs that have significant allocations to the chipmaker.",positive,strong,high,NVIDIA's surpassing of Apple in market cap and the associated growth story indicate a significant positive impact on investor sentiment.,2147.3
63,2026-01-31,Nvidia CEO pushes back against report that his company's $100B OpenAI investment has stalled,"Nvidia CEO Jensen Huang dismissed reports of friction between Nvidia and OpenAI, calling claims that the $100 billion investment had stalled ""nonsense."" Huang affirmed Nvidia's commitment to participating in OpenAI's latest funding round, stating it's a ""good investment"" and that he believes in OpenAI's significance. This contradicts a Wall Street Journal report suggesting Nvidia was reconsidering its investment and expressing concerns about OpenAI's strategy and competitors.",positive,strong,high,CEO's reaffirmation of commitment to OpenAI investment likely boosts NVDA stock due to positive sentiment towards the partnership.,2223.9
64,2026-02-02,5 Revealing Analyst Questions From Sanmina's Q4 Earnings Call,"Sanmina's Q4 earnings call highlighted strong revenue growth, especially in communications networks and cloud infrastructure, but was impacted by softer operating margins and the integration of ZT Systems. Analysts questioned the revenue split between legacy Sanmina and ZT, the transition from NVIDIA to AMD partnerships, and the sustainability of operating margins. The company addressed these concerns, emphasizing growth drivers from ZT Systems and expectations for recovery in industrial and medical segments later in the year.",neutral,weak,low,Sanmina's partnership shifts and operating margin concerns have indirect implications for NVIDIA but are not directly related to its core business segments.,2048.7
65,2026-02-02,"Undercovered Dozen: POET Technologies, Pan American Silver, MercadoLibre, AT&T And More","This article, part of ""The Undercovered Dozen"" series, highlights 12 lesser-covered stocks with strong investment rationales. It spotlights companies like POET Technologies, Pan American Silver, MercadoLibre, Willdan Group, and Uranium Energy, all of which are rated ""Strong Buy"" due to compelling catalysts. Key themes include AI infrastructure, precious metals, e-commerce, grid modernization, and uranium sector growth, with some funds offering high yields for income-focused investors.",neutral,weak,none,The headline discusses various companies and sectors unrelated to NVIDIA' extrinsic business or ecosystem.,2101.6
66,2026-02-02,Better AI Stock: Taiwan Semiconductor Manufacturing or AMD,"This article compares Taiwan Semiconductor Manufacturing (TSMC) and AMD as AI stock investments, with both companies seeing strong performance in 2025. The author concludes that TSMC is the better investment due to its established position as a chip fabricator for leading tech companies (including Nvidia, Broadcom, and AMD) and a more attractive valuation, despite AMD's higher growth projections for its data center division.",positive,strong,high,"TSMC's established position as a chip fabricator for leading tech companies, including NVIDIA, suggests positive sentiment and potential revenue impact.",2085.3
67,2026-02-03,AMD shares drop as forecast comes up short of some expectations,"Advanced Micro Devices (AMD) reported stronger-than-expected fourth-quarter earnings and provided a first-quarter revenue forecast of $9.8 billion, exceeding analyst expectations of $9.38 billion. Despite this, the stock fell as some analysts anticipated even stronger guidance given the ongoing AI spending boom and AMD's position as a competitor to Nvidia in graphics processors for AI. AMD's data center and client/gaming segments showed significant growth, with the company securing major customers like OpenAI and Oracle for its AI chips.",positive,strong,high,"AMD's competitive position and growth in AI chips could lead to increased competition for NVIDIA, potentially impacting its market share and investor sentiment.",3075.0
68,2026-02-04,"Crown Holdings beats Q4 estimates, shares down slightly","Crown Holdings, Inc. (NYSE: CCK) surpassed analyst expectations for its fourth-quarter adjusted earnings and revenue in 2025, although its shares experienced a slight dip of 1.9%. The packaging manufacturer reported adjusted EPS of $1.74 and revenue of $3.13 billion, attributing its strong performance to global demand for sustainable packaging and capacity expansions. The company also provided optimistic guidance for fiscal year 2026, forecasting adjusted EPS between $7.90 and $8.30.",neutral,weak,none,Crown Holdings' financial performance has no direct or indirect connection to NVIDIA's business.,2040.9
69,2026-02-11,LG Display Speeds Up OLED Production with NVIDIA AI Tool,"LG Display has developed a Digital twin Panel tool (DPS) using NVIDIA's PhysicsNeMo AI platform to enhance OLED production efficiency. This tool, developed in collaboration with Korean startup Alsemi and NVIDIA, significantly reduces development and production schedules by minimizing trial and error through AI-based predictions. By leveraging this technology, LG Display expects to accelerate the derivation of optimal process conditions and plans to expand it into an 'Agency AI System' for complete panel development and manufacturing optimization, aiming for improved yield.",positive,moderate,medium,"LG Display's collaboration with NVIDIA on AI-driven OLED production efficiency positively impacts the perception of NVIDIA as a key player in display technology, potentially benefiting its business.",2312.5
70,2026-02-11,2 Financials Stocks Worth Your Attention and 1 We Turn Down,"This article evaluates three financial stocks, recommending Intercontinental Exchange (ICE) as a sell due to its less profitable incremental sales. Conversely, it highlights Raymond James (RJF) and LPL Financial (LPLA) as strong buys, praising their consistent revenue growth, efficient management, and market-beating returns on equity. The piece offers a selective view of the financial sector, distinguishing companies poised for growth amidst broader industry challenges.",neutral,weak,none,The headline discusses financial stocks unrelated to NVIDIA'se technology sector.,1948.6
71,2026-02-11,Freedom Holding Corp. reports $1.7 billion in revenue for 9 months of FY2026,"Freedom Holding Corp. announced robust financial results for Q3 FY2026, ending December 31, 2025, with total net revenue reaching $628.6 million for the quarter and $1.7 billion for the nine-month period. The company expanded its customer base to 7.2 million across brokerage, banking, and insurance services, driven by its SuperApp ecosystem. A significant development was a strategic agreement with the Government of Kazakhstan and OpenAI to provide ChatGPT Edu access to 165,000 teachers.",neutral,weak,none,Freedom Holding Corp.'s financial results and strategic agreement with Kazakhstan have no direct or indirect connection to NVIDIA's business.,2160.4
72,2026-02-12,"Midwest Trust Co Sells 4,023 Shares of Advanced Micro Devices, Inc. $AMD","Midwest Trust Co has reduced its stake in Advanced Micro Devices (AMD) by 36.4%, selling 4,023 shares and retaining 7,038 shares valued at $1.139 million. This aligns with notable insider selling, where executives like Forrest Norrod and Ava Hahn have offloaded significant shares. Despite this, AMD reported strong Q4 earnings, exceeding analyst expectations, and maintains a ""Moderate Buy"" consensus rating with an average price target of $290.11.",neutral,weak,none,"The headline discusses Midwest Trust Co's sale of shares in AMD, which is a competitor to NVIDIA and not directly related to its business or ecosystem.",2295.9
73,2026-02-12,"Caprock Group LLC Makes New $3.95 Million Investment in PayPal Holdings, Inc. $PYPL","Caprock Group LLC has acquired a new stake in PayPal Holdings, Inc. worth approximately $3.95 million, purchasing 56,203 shares in the third quarter. This investment comes amidst significant institutional activity in PayPal stock, with other funds also modifying their holdings. The report details PayPal's recent financial performance, including a dividend announcement, insider transactions, and a mixed sentiment from Wall Street analysts regarding its future outlook.",neutral,weak,none,"Caprock Group LLC'sinvestment in PayPal Holdings, Inc. has no direct or indirect connection to NVIDIA's business operations.",2133.3
74,2026-02-12,Super Micro (SMCI): 3 Reasons We Love This Stock,"Despite a recent 30.9% stock price drop, Super Micro (SMCI) is recommended due to its strong financial performance. The company exhibits skyrocketing revenue growth, benefits from significant economies of scale, and boasts an increasing free cash flow margin, making it a high-quality business.",positive,strong,low,"While Super Micro's performance is commendable, it has no direct impact on NVIDIA as they operate in different segments of the technology market.",2090.5
75,2026-02-15,Microchip Technology Stock Gains On Uplifting Forecast,"Microchip Technology Inc. reported a significant year-over-year revenue decline but surpassed analyst expectations and achieved a book-to-bill ratio above one. The company provided an uplifting forecast for the first quarter, projecting adjusted EPS and sales within a specified range, and announced a quarterly dividend. This positive outlook led to gains in the stock price.",positive,strong,high,"Microchip Technology's positive forecast and adjusted EPS projection suggest a favorable industry outlook, likely benefiting NVIDIA through increased demand for semiconductors.",3691.1
76,2026-02-16,FTAI Aviation (FTAI): 3 Reasons We Love This Stock,"FTAI Aviation's stock has surged significantly, up 94.1% in the past six months, driven by strong quarterly results. The article highlights three key reasons for optimism: impressive long-term revenue growth (39% CAGR), outstanding long-term EPS growth (33.8% CAGR), and an expanding free cash flow margin, all indicating strong financial performance and a resilient business model focused on CFM56 engine services.",neutral,weak,none,FTAI Aviation' extrinsic to NVIDIA’s core business in GPU and semiconductor industries.,2117.3
77,2026-02-16,Celestica Inc (CLS): Analysts Bullish Amid Strong 2026 Outlook,"Celestica Inc (NYSE:CLS) reported strong Q4 2025 earnings with revenue soaring 44% year-over-year and adjusted EPS jumping significantly. Following these results, Celestica raised its 2026 revenue outlook to $17 billion, attributing the optimism to strengthening demand for AI-related data center technologies. BofA Securities initiated coverage on CLS stock with a Buy rating and a $400 price target, highlighting Celestica's potential benefits from AI-driven data center upgrades and its strong position in markets like custom ASIC accelerated servers.",positive,strong,high,Strong demand for AI-related data center technologies positively impacts NVIDIA's revenue and competitive position.,3844.9
78,2026-02-17,Volatility Index Reaches 2026 Peak as Technology Sector Faces Sustained Pressure,"The VIX, a key measure of market volatility, recently surged to elevated levels in mid-February 2026, driven by investor reassessment of the artificial intelligence sector and declines in major technology stocks. This increase reflects growing investor concerns about whether substantial capital investments in AI infrastructure will deliver the promised financial benefits and a shift in market sentiment after a prolonged technology rally. Future volatility is anticipated as investors closely watch upcoming tech earnings reports and capital expenditure guidance to evaluate the commercial viability and return on investment of AI initiatives.",negative,moderate,high,"Increased market volatility and investor concerns about AI sector capital expenditures could negatively impact NVIDIA's stock, given its significant exposure to the technology rally.",2433.6
79,2026-02-17,Evercore Reiterates Sell on Franklin Resources (BEN) Amid Mixed Ratings,"Evercore ISI reiterated a Sell rating on Franklin Resources (BEN) with a $28 price target, while TD Cowen maintained a Buy rating with a $36 price target. The company recently reported preliminary month-end assets under management of $1.71 trillion as of January 31, 2026, an increase attributed to favorable market conditions and long-term net inflows. Morgan Stanley also reaffirmed an Underweight rating but raised its price target, citing optimism for 2026 and 2027 despite lower Q4 EPS estimates.",neutral,weak,none,"The headline discusses Evercore's ratings on Franklin Resources and asset management, which have no direct or indirect connection to NVIDIA' extrinsic factors.",2268.2
80,2026-02-18,CRH 2025 Annual Report on Form 10-K,"CRH plc has published its 2025 Annual Report on Form 10-K, which was filed with the U.S. Securities and Exchange Commission (SEC) today. The report is accessible on both the SEC's website and the company's website, and has also been submitted to the U.K. National Storage Mechanism. Shareholders can request a free physical copy of the audited financial statements.",neutral,weak,none,CRH's Annual Report on Form 10-K has no direct or indirect connection to NVIDIA's business.,2108.4
81,2026-02-19,"Farallon Capital trims Alphabet Inc. stake by 333,900 shares","Farallon Capital Management, L.L.C. has reduced its holding in Alphabet Inc. Class C (GOOG) by 333,900 shares. Despite this trim, Alphabet Class C stock has seen significant gains over the past year, and analysts maintain a Strong Buy rating, projecting further upside. TipRanks' AI Analyst, Spark, rates GOOG as ""Outperform,"" citing strong financial performance, though noting concerns about premium valuation and near-term cash flow pressure due to planned capital expenditures.",neutral,weak,none,"The headline discusses Farallon Capital's trading activity in Alphabet Inc., which has no direct or indirect connection to NVIDIA's business, financials, or ecosystem.",2345.8
82,2026-02-19,"Move Over, Annaly Stock: This Unstoppable Financial Stock Is A Better Buy Today","This article argues that Main Street Capital (NYSE: MAIN) is a better investment than Annaly Capital Management (NYSE: NLY). While Annaly has a high dividend yield, its dividend has been cut multiple times, and its stock price has declined, leading to underperformance. Main Street Capital, conversely, has consistently grown its monthly dividend, supplemented by quarterly payments, and has seen its share price and net asset value increase significantly, resulting in much higher total returns.",neutral,weak,none,"The headline compares Main Street Capital to Annaly Capital Management, which does not have a direct or indirect connection to NVIDIA'secosystem.",2165.4
83,2026-02-20,Modi’s Chaotic AI Summit Showed India’s Clout and Constraints,"Nvidia Corp.’s Jensen Huang dropped out after early promotion; Bill Gates withdrew later. Mukesh Ambani, Asia’s richest man, had so much trouble getting through security that his speech — announcing the biggest deal of the India AI Impact Summit — was delayed.",neutral,weak,none,"The headline discusses events at an AI summit with no direct mention or implication for NVIDIA'se business, products, technologies, or competitive position.",2178.8
84,2026-02-20,"Oddest moments from India’s AI summit: Missing stars, traffic chaos and robo-dog controversy","Offstage, the mood was messier: headline speakers dropped out, security cordons tangled with Delhi traffic, calendars clashed with global politics, and one demonstration turned into instant meme mate… [+1037 chars]",neutral,weak,none,The headline discusses events at an AI summit unrelated to NVIDIA's business or ecosystem.,2012.5
85,2026-02-20,Intel: The CPU Comeback Is An Execution Reality Check,Intel stock outlook: why the 2H25 rally may lack support.,neutral,weak,none,Intel's CPU comeback has no direct or indirect connection to NVIDIA' extranet.,1937.4
86,2026-02-25,Xylem authorizes $1.5 billion share buyback program,"Xylem Inc. announced a new share repurchase program of up to $1.5 billion, effective immediately, demonstrating confidence in its strategy and ability to generate strong cash flow. The company plans opportunistic repurchases based on market conditions and stated its commitment to a balanced capital allocation approach, including investing in growth and returning capital to shareholders. This follows strong financial results in Q4 2025 and an InvestingPro analysis indicating Xylem is currently trading below its Fair Value.",neutral,weak,none,Xylem's share buyback program has no direct or indirect connection to NVIDIA's business operations.,2095.4
87,2026-03-02,3 Reasons Investors Love Copart (CPRT),"Despite a recent 20.6% stock drop, Copart (CPRT) remains a compelling investment due to its strong performance in three key areas. The company has demonstrated impressive long-term growth with a 15.1% compounded annual revenue growth rate and an even higher 17.5% EPS growth over the last five years. Additionally, Copart exhibits excellent cash profitability, averaging a 23.9% free cash flow margin over the same period, allowing for reinvestment and shareholder returns.",neutral,weak,none,"The headline discusses Copart's performance, which is unrelated to NVIDIA' extrinsic business or ecosystem.",2132.7
88,2026-03-06,Eversource Energy (ES) Target Lifted to $79 at BMO After Q4 Results,"BMO Capital has raised its price target on Eversource Energy (ES) to $79 from $75, maintaining a Market Perform rating, following the company's Q4 results and updated guidance. UBS also increased its price target to $80. Eversource Energy reported Q4 2025 non-GAAP EPS of $1.12 and introduced 2026 EPS guidance of $4.80–$4.95, reaffirming its long-term EPS CAGR target of 5%-7%.",neutral,weak,none,"The headline about Eversource Energy's price target increase has no direct or indirect connection to NVIDIA's business, ecosystem, revenue, margins, competitive position, or investor sentiment.",2410.3
89,2026-03-06,"BofA Raises PT on Arm Holdings plc (ARM), Keeps a Hold Rating","Bank of America Securities raised its price target on Arm Holdings plc (ARM) from $135 to $140 while maintaining a Hold rating, citing the company's strong position in the AI-driven CPU market. Analyst Vivek Arya believes Arm has significant potential to gain market share as AI inference workloads demand more CPUs, with the server CPU total addressable market expected to double by 2030, largely driven by AI servers. This growth supports Arm's projected market share increase to over 20%-25% by 2030.",positive,strong,high,"BofA's positive outlook on ARM, a key competitor in the AI-driven CPU market where NVIDIA also operates, suggests potential for increased competition and pressure which could impact NVDA positively.",3866.1
90,2026-03-09,3 Cash-Producing Stocks Walking a Fine Line,"This article identifies three cash-producing companies—Saia (SAIA), Schneider (SNDR), and Waters Corporation (WAT)—",neutral,weak,none,The headline discusses companies unrelated to NVIDIA's business or ecosystem.,1962.2
91,2026-03-10,"Hedge Fund and Insider Trading News: Bill Ackman, Boaz Weinstein, George Soros, ExodusPoint Capital, CF Industries Holdings Inc (CF), Snowflake Inc (SNOW), and More","This article provides a compilation of recent hedge fund and insider trading news, featuring prominent figures like Bill Ackman, Boaz Weinstein, and George Soros, alongside reports on firms such as ExodusPoint Capital. It highlights specific insider selling activities in CF Industries Holdings Inc (CF) and Snowflake Inc (SNOW) and touches upon broader market trends in AI stocks.",neutral,weak,none,The headline discusses hedge fund and insider trading news unrelated to NVIDIA' extrinsic business or ecosystem.,2228.2
92,2026-03-10,Forget Cap-Weighted Indexes: Why This Equal Weight Large-Cap ETF Belongs in Every Retirement Portfolio Instead,"This article argues for including the Invesco S&P 100 Equal Weight ETF (EQWL) in retirement portfolios over traditional cap-weighted funds, despite EQWL's underperformance over the past decade. It highlights that EQWL's equal-weighting strategy, which rebalances quarterly by trimming winners and adding to laggards, offers better diversification and has outperformed in early 2026 when mega-cap tech stocks stumbled. The piece also discusses EQWL's higher dividend yield and balanced sector exposure as benefits for retirees, while acknowledging tradeoffs like capped upside during tech rallies and slightly higher costs.",neutral,weak,none,The headline discusses an investment strategy unrelated to NVIDIA's core business of GPU and AI technology.,2296.2
93,2026-03-11,Nebius shares surge 10% amid Nvidia $2 bln investment 📈,Nebius Group NV's shares surged 10% after Nvidia announced a $2 billion investment to support Nebius's AI services in a cloud computing environment. This investment is seen by investors as validation of Nebius's strong service offering and its long-term growth potential through this business agreement.,positive,strong,high,"Nvidia's $2 billion investment in Nebius, a company within its AI services cloud computing segment, directly impacts NVDA by potentially increasing market share and revenue.",2236.4
94,2026-03-11,"BofA Sees Strong Demand for Ambiq Micro, Inc. (AMBQ) but Stays Neutral","BofA has reiterated a Neutral rating on Ambiq Micro, Inc. (AMBQ) but raised its price target to $35 from $32, citing strong demand through Q3 2025 with over 80% of 2025 shipments utilizing AI algorithms. Needham also reaffirmed a Buy rating with a $48 price target after the company's strong Q4 2025 performance and raised guidance due to better-than-anticipated demand. Ambiq Micro, a Texas-based provider of ultra-low-power semiconductor solutions, also announced a new global wearable customer and enhanced technical specifications for its Atomiq platform.",neutral,weak,none,"The headline discusses Ambiq Micro, Inc., a company unrelated to NVIDIA's business or ecosystem.",2275.1
95,2026-03-11,NVTS Shares Close 25% Higher On New Product Launch — Retail Eyes Multi-Day Runner,"Navitas Semiconductor (NVTS) saw its shares close 25% higher after launching two new silicon carbide MOSFET technology packages designed for AI data centers and grid infrastructure. The company also announced the appointment of Tonya Stevens as its new CFO. Retail sentiment shifted to ""extremely bullish,"" with some users comparing NVTS to Nvidia.",positive,strong,high,"NVTS's success in launching new technology and bullish retail sentiment positively impact NVIDIA, likely causing significant stock appreciation.",2190.9
96,2026-03-12,"Swiss National Bank Purchases 1,400 Shares of Comfort Systems USA, Inc. $FIX","The Swiss National Bank increased its stake in Comfort Systems USA (NYSE:FIX) by 2.1%, acquiring an additional 1,400 shares and bringing its total holdings to 68,900 shares valued at $56.86 million. This purchase comes as Comfort Systems USA reports strong financials, including an EPS of $9.37 against an expected $6.75 and a revenue of $2.65 billion, marking a 41.7% year-over-year increase. Analysts maintain a bullish outlook on the stock, with a consensus price target of $1,573.67, and the company recently raised its quarterly dividend to $0.70 per share.",neutral,weak,none,"The Swiss National Bank's purchase of shares in Comfort Systems USA, Inc. has no direct or indirect connection to NVIDIA's business operations.",2316.7
97,2026-03-17,Amgen Inc. (AMGN): Billionaire Ken Fisher Doubles Bullish Position,"Billionaire Ken Fisher's Fisher Asset Management has significantly increased its stake in Amgen Inc. (NASDAQ:AMGN) in late 2024 and 2025, more than doubling its position by Q4 2025 to nearly 900,000 shares. This move aligns with Amgen's recent agreement to sell medicines on TrumpRx, a government-run direct-to-consumer platform for pharmaceutical products. The article also touches on Amgen’s major products like Enbrel and Otezla while comparing its investment potential with more promising AI stocks.",neutral,weak,none,"The headline discusses Amgen Inc.'s investment activities and product lines, which have no direct or indirect connection to NVIDIA's business segments.",2290.2
98,2026-03-17,Assessing SkyWater Technology (SKYT) Valuation After Its Strong 1 Year Total Return,"SkyWater Technology (SKYT) has seen its stock rise over 200% in the past year, sparking investor interest in its current valuation. Despite recent short-term cooling, the company's expansion into quantum computing and advanced packaging supports a fair value narrative of $35.00, suggesting it may be undervalued compared to its closing price of $27.86. However, investors are advised to consider integration risks and exposure to government contracts.",positive,strong,medium,"SkyWater Technology' extrinsic valuation increase suggests potential undervaluation, which could positively influence investor sentiment towards NVIDIA if perceived as a competitor in the semiconductor space.",3797.8
99,2026-03-18,"STMicroelectronics, NVIDIA Enable Faster Sim-to-Real Robotics Development","STMicroelectronics and NVIDIA are collaborating to accelerate robotics development by integrating ST's components into the NVIDIA Holoscan Sensor Bridge (HSB) and incorporating NVIDIA Isaac Sim models of ST components. This partnership aims to bridge the gap between virtual training and real-world deployment, fostering the global expansion of physical AI systems like humanoid, industrial, service, and healthcare robots. The initiative seeks to streamline the design process for developers, from AI algorithm inception to the integration of sensors and actuators, thereby advancing sophisticated AI-driven physical platforms.",positive,strong,high,The partnership with STMicroelectronics is likely to enhance NVIDIA's competitiveness in the robotics sector and drive demand for its AI computing platforms.,4063.4
100,2026-03-18,MaxLinear Inc Stock (ISIN: US57776N1054) Gains on AI Data Center Push Amid Valuation Debate,"MaxLinear Inc (ISIN: US57776N1054) is experiencing a stock surge driven by its new AI data center hardware, including the Annapurna 224G scale-up copper retimer and Rushmore 1.6T PHY chipset. Despite short-term gains, the stock has seen longer-term declines, yet analysts suggest it is undervalued with a fair value estimate of $21.55 against a recent close of $17.32. MaxLinear focuses on niche high-margin sectors within semiconductors, benefiting from the booming AI infrastructure demand while navigating broadband market saturation and geopolitical risks.",positive,moderate,medium,"MaxLinear's focus on AI data center hardware, which is a growing sector that complements NVIDIA'se offerings in similar technology.",4248.8
